name,begin_date,end_date,type,cancelled,disambiguation,setlist,time,edit_note,rel0_target,rel0_type,rel0_target_credit,rel1_target,rel1_type,rel1_target_credit,rel2_target,rel2_type,rel2_target_credit,rel3_target,rel3_type,rel3_target_credit,rel4_target,rel4_type,rel4_target_credit,rel5_target,rel5_type,rel5_target_credit,rel6_target,rel6_type,rel6_target_credit,rel7_target,rel7_type,rel7_target_credit,place_plain,main_performers_plain,supporting_acts_plain,supporting_act_1,supporting_act_2,supporting_act_3,supporting_act_4,supporting_act_5,supporting_act_6
Docents by Docents (by Docents) Release Show,2021-08-07,2021-08-07,3,,date uncertain in source,,,Seeded from Docents performance list supplied by editor; please verify place/artist matches before submitting.,Matt’s House,e2c6f697-07dc-38b1-be0b-83d740165532,,Docents,936c7c95-3156-3889-a062-8a0cd57f8946,,,,,,,,,,,,,,,,,,,,Matt’s House,Docents,,,,,,,
Docents at 18th Ward,2021-09-19,2021-09-19,1,,,,,Seeded from Docents performance list supplied by editor; please verify place/artist matches before submitting.,18th Ward,e2c6f697-07dc-38b1-be0b-83d740165532,,Docents,936c7c95-3156-3889-a062-8a0cd57f8946,,Soft Yes Band,492a850e-97eb-306a-a85e-4b6d98527796,,ETC,492a850e-97eb-306a-a85e-4b6d98527796,,,,,,,,,,,,,,18th Ward,Docents,Soft Yes Band; ETC,Soft Yes Band,ETC,,,,
Docents at Matt’s House 418 MacDonough,2021-10-30,2021-10-30,1,,,,,Seeded from Docents performance list supplied by editor; please verify place/artist matches before submitting.,Matt’s House 418 MacDonough,e2c6f697-07dc-38b1-be0b-83d740165532,,Docents,936c7c95-3156-3889-a062-8a0cd57f8946,,Shep Treasure,492a850e-97eb-306a-a85e-4b6d98527796,,Ingo Swan,492a850e-97eb-306a-a85e-4b6d98527796,,,,,,,,,,,,,,Matt’s House 418 MacDonough,Docents,Shep Treasure; Ingo Swan,Shep Treasure,Ingo Swan,,,,
Docents at Pianos,2021-11-12,2021-11-12,1,,,,,Seeded from Docents performance list supplied by editor; please verify place/artist matches before submitting.,Pianos,e2c6f697-07dc-38b1-be0b-83d740165532,,Docents,936c7c95-3156-3889-a062-8a0cd57f8946,,Clifford,492a850e-97eb-306a-a85e-4b6d98527796,,Drobakid,492a850e-97eb-306a-a85e-4b6d98527796,,,,,,,,,,,,,,Pianos,Docents,Clifford; Drobakid,Clifford,Drobakid,,,,
Docents at Berlin,2021-12-12,2021-12-12,1,,,,,Seeded from Docents performance list supplied by editor; please verify place/artist matches before submitting.,Berlin,e2c6f697-07dc-38b1-be0b-83d740165532,,Docents,936c7c95-3156-3889-a062-8a0cd57f8946,,Cindy Cane,492a850e-97eb-306a-a85e-4b6d98527796,,Ceremony East Coast,492a850e-97eb-306a-a85e-4b6d98527796,,Holy Wisdom LLC,492a850e-97eb-306a-a85e-4b6d98527796,,,,,,,,,,,Berlin,Docents,Cindy Cane; Ceremony East Coast; Holy Wisdom LLC,Cindy Cane,Ceremony East Coast,Holy Wisdom LLC,,,
Docents at Mercury Lounge,2022-01-25,2022-01-25,1,,,,,Seeded from Docents performance list supplied by editor; please verify place/artist matches before submitting.,Mercury Lounge,e2c6f697-07dc-38b1-be0b-83d740165532,,Docents,936c7c95-3156-3889-a062-8a0cd57f8946,,Aux Blood,492a850e-97eb-306a-a85e-4b6d98527796,,Libby Quinn,492a850e-97eb-306a-a85e-4b6d98527796,,,,,,,,,,,,,,Mercury Lounge,Docents,Aux Blood; Libby Quinn,Aux Blood,Libby Quinn,,,,
Docents at Berlin (Dedstrange Party),2022-03-09,2022-03-09,1,,,,,Seeded from Docents performance list supplied by editor; please verify place/artist matches before submitting.,Berlin (Dedstrange Party),e2c6f697-07dc-38b1-be0b-83d740165532,,Docents,936c7c95-3156-3889-a062-8a0cd57f8946,,Wah Together,492a850e-97eb-306a-a85e-4b6d98527796,,Gift,492a850e-97eb-306a-a85e-4b6d98527796,,Paul Jacobs,492a850e-97eb-306a-a85e-4b6d98527796,,Thus Love,492a850e-97eb-306a-a85e-4b6d98527796,,Dead Tooth,492a850e-97eb-306a-a85e-4b6d98527796,,Randy Randall (No Age),492a850e-97eb-306a-a85e-4b6d98527796,,Berlin (Dedstrange Party),Docents,Wah Together; Gift; Paul Jacobs; Thus Love; Dead Tooth; Randy Randall (No Age),Wah Together,Gift,Paul Jacobs,Thus Love,Dead Tooth,Randy Randall (No Age)
Docents at Arlene’s Grocery (New Colossus),2022-03-10,2022-03-10,1,,,,,Seeded from Docents performance list supplied by editor; please verify place/artist matches before submitting.,Arlene’s Grocery (New Colossus),e2c6f697-07dc-38b1-be0b-83d740165532,,Docents,936c7c95-3156-3889-a062-8a0cd57f8946,,Punchlove,492a850e-97eb-306a-a85e-4b6d98527796,,Jackie,492a850e-97eb-306a-a85e-4b6d98527796,,Sunglaciers,492a850e-97eb-306a-a85e-4b6d98527796,,Girl Skin,492a850e-97eb-306a-a85e-4b6d98527796,,Shower Curtain,492a850e-97eb-306a-a85e-4b6d98527796,,Holy Wisdom LLC,492a850e-97eb-306a-a85e-4b6d98527796,,Arlene’s Grocery (New Colossus),Docents,Punchlove; Jackie; Sunglaciers; Girl Skin; Shower Curtain; Holy Wisdom LLC,Punchlove,Jackie,Sunglaciers,Girl Skin,Shower Curtain,Holy Wisdom LLC
Docents at Bohemian Grove,2022-04-09,2022-04-09,1,,,,,Seeded from Docents performance list supplied by editor; please verify place/artist matches before submitting.,Bohemian Grove,e2c6f697-07dc-38b1-be0b-83d740165532,,Docents,936c7c95-3156-3889-a062-8a0cd57f8946,,Unto,492a850e-97eb-306a-a85e-4b6d98527796,,Playshoes,492a850e-97eb-306a-a85e-4b6d98527796,,Bad Vacation,492a850e-97eb-306a-a85e-4b6d98527796,,,,,,,,,,,Bohemian Grove,Docents,Unto; Playshoes; Bad Vacation,Unto,Playshoes,Bad Vacation,,,
Docents at Purgatory,2022-05-17,2022-05-17,1,,,,,Seeded from Docents performance list supplied by editor; please verify place/artist matches before submitting.,Purgatory,e2c6f697-07dc-38b1-be0b-83d740165532,,Docents,936c7c95-3156-3889-a062-8a0cd57f8946,,Cryer 365,492a850e-97eb-306a-a85e-4b6d98527796,,Wild Irises,492a850e-97eb-306a-a85e-4b6d98527796,,,,,,,,,,,,,,Purgatory,Docents,Cryer 365; Wild Irises,Cryer 365,Wild Irises,,,,
Docents at Gold Sounds,2022-04-24,2022-04-24,1,,,,,Seeded from Docents performance list supplied by editor; please verify place/artist matches before submitting.,Gold Sounds,e2c6f697-07dc-38b1-be0b-83d740165532,,Docents,936c7c95-3156-3889-a062-8a0cd57f8946,,Plastic Baby Jesus,492a850e-97eb-306a-a85e-4b6d98527796,,ETC,492a850e-97eb-306a-a85e-4b6d98527796,,,,,,,,,,,,,,Gold Sounds,Docents,Plastic Baby Jesus; ETC,Plastic Baby Jesus,ETC,,,,
Docents at Pelvic Floor (BOS),2022-06-12,2022-06-12,1,,,,,Seeded from Docents performance list supplied by editor; please verify place/artist matches before submitting.,Pelvic Floor (BOS),e2c6f697-07dc-38b1-be0b-83d740165532,,Docents,936c7c95-3156-3889-a062-8a0cd57f8946,,Tiberius,492a850e-97eb-306a-a85e-4b6d98527796,,Captain Vampire,492a850e-97eb-306a-a85e-4b6d98527796,,Fae Feral,492a850e-97eb-306a-a85e-4b6d98527796,,,,,,,,,,,Pelvic Floor (BOS),Docents,Tiberius; Captain Vampire; Fae Feral,Tiberius,Captain Vampire,Fae Feral,,,
Docents at Alphaville,2022-10-11,2022-10-11,1,,,,,Seeded from Docents performance list supplied by editor; please verify place/artist matches before submitting.,Alphaville,e2c6f697-07dc-38b1-be0b-83d740165532,,Docents,936c7c95-3156-3889-a062-8a0cd57f8946,,Zastava,492a850e-97eb-306a-a85e-4b6d98527796,,Holy Wisdom LLC,492a850e-97eb-306a-a85e-4b6d98527796,,,,,,,,,,,,,,Alphaville,Docents,Zastava; Holy Wisdom LLC,Zastava,Holy Wisdom LLC,,,,
Docents at Mercury Lounge,2022-10-23,2022-10-23,1,,,,,Seeded from Docents performance list supplied by editor; please verify place/artist matches before submitting.,Mercury Lounge,e2c6f697-07dc-38b1-be0b-83d740165532,,Docents,936c7c95-3156-3889-a062-8a0cd57f8946,,Playshoes,492a850e-97eb-306a-a85e-4b6d98527796,,Human Man,492a850e-97eb-306a-a85e-4b6d98527796,,,,,,,,,,,,,,Mercury Lounge,Docents,Playshoes; Human Man,Playshoes,Human Man,,,,
Docents at Bushwick Public House,2022-12-02,2022-12-02,1,,,,,Seeded from Docents performance list supplied by editor; please verify place/artist matches before submitting.,Bushwick Public House,e2c6f697-07dc-38b1-be0b-83d740165532,,Docents,936c7c95-3156-3889-a062-8a0cd57f8946,,Free Casino,492a850e-97eb-306a-a85e-4b6d98527796,,Safety Scissors,492a850e-97eb-306a-a85e-4b6d98527796,,,,,,,,,,,,,,Bushwick Public House,Docents,Free Casino; Safety Scissors,Free Casino,Safety Scissors,,,,
Docents at Purgatory,2023-01-31,2023-01-31,1,,,,,Seeded from Docents performance list supplied by editor; please verify place/artist matches before submitting.,Purgatory,e2c6f697-07dc-38b1-be0b-83d740165532,,Docents,936c7c95-3156-3889-a062-8a0cd57f8946,,Libby Quinn,492a850e-97eb-306a-a85e-4b6d98527796,,Semi Auto,492a850e-97eb-306a-a85e-4b6d98527796,,Balaclava,492a850e-97eb-306a-a85e-4b6d98527796,,,,,,,,,,,Purgatory,Docents,Libby Quinn; Semi Auto; Balaclava,Libby Quinn,Semi Auto,Balaclava,,,
Docents at The Broadway,2023-02-19,2023-02-19,1,,,,,Seeded from Docents performance list supplied by editor; please verify place/artist matches before submitting.,The Broadway,e2c6f697-07dc-38b1-be0b-83d740165532,,Docents,936c7c95-3156-3889-a062-8a0cd57f8946,,People I Love,492a850e-97eb-306a-a85e-4b6d98527796,,Plastic,492a850e-97eb-306a-a85e-4b6d98527796,,Pique,492a850e-97eb-306a-a85e-4b6d98527796,,,,,,,,,,,The Broadway,Docents,People I Love; Plastic; Pique,People I Love,Plastic,Pique,,,
Docents at The Broadway,2023-03-09,2023-03-09,1,,,,,Seeded from Docents performance list supplied by editor; please verify place/artist matches before submitting.,The Broadway,e2c6f697-07dc-38b1-be0b-83d740165532,,Docents,936c7c95-3156-3889-a062-8a0cd57f8946,,Victoryland,492a850e-97eb-306a-a85e-4b6d98527796,,Kitchen,492a850e-97eb-306a-a85e-4b6d98527796,,Ben Special,492a850e-97eb-306a-a85e-4b6d98527796,,,,,,,,,,,The Broadway,Docents,Victoryland; Kitchen; Ben Special,Victoryland,Kitchen,Ben Special,,,
Docents at Abyssinia,2023-03-10,2023-03-10,1,,,,,Seeded from Docents performance list supplied by editor; please verify place/artist matches before submitting.,Abyssinia,e2c6f697-07dc-38b1-be0b-83d740165532,,Docents,936c7c95-3156-3889-a062-8a0cd57f8946,,Victoryland,492a850e-97eb-306a-a85e-4b6d98527796,,Bunny Tonight,492a850e-97eb-306a-a85e-4b6d98527796,,,,,,,,,,,,,,Abyssinia,Docents,Victoryland; Bunny Tonight,Victoryland,Bunny Tonight,,,,
Docents at Skidmore College/Lively Lucy’s,2023-03-23,2023-03-23,1,,,,,Seeded from Docents performance list supplied by editor; please verify place/artist matches before submitting.,Skidmore College/Lively Lucy’s,e2c6f697-07dc-38b1-be0b-83d740165532,,Docents,936c7c95-3156-3889-a062-8a0cd57f8946,,,,,,,,,,,,,,,,,,,,Skidmore College/Lively Lucy’s,Docents,,,,,,,
Docents at Columbia WKCR,2023-03-26,2023-03-26,1,,,,,Seeded from Docents performance list supplied by editor; please verify place/artist matches before submitting.,Columbia WKCR,e2c6f697-07dc-38b1-be0b-83d740165532,,Docents,936c7c95-3156-3889-a062-8a0cd57f8946,,,,,,,,,,,,,,,,,,,,Columbia WKCR,Docents,,,,,,,
Docents at St Vitus (RIP),2023-06-05,2023-06-05,1,,source note: RIP,,,Seeded from Docents performance list supplied by editor; please verify place/artist matches before submitting.,St Vitus (RIP),e2c6f697-07dc-38b1-be0b-83d740165532,,Docents,936c7c95-3156-3889-a062-8a0cd57f8946,,Ringing,492a850e-97eb-306a-a85e-4b6d98527796,,Unrecovery,492a850e-97eb-306a-a85e-4b6d98527796,,Sun Organ,492a850e-97eb-306a-a85e-4b6d98527796,,,,,,,,,,,St Vitus (RIP),Docents,Ringing; Unrecovery; Sun Organ,Ringing,Unrecovery,Sun Organ,,,
Docents at Berlin,2023-06-09,2023-06-09,1,,,,,Seeded from Docents performance list supplied by editor; please verify place/artist matches before submitting.,Berlin,e2c6f697-07dc-38b1-be0b-83d740165532,,Docents,936c7c95-3156-3889-a062-8a0cd57f8946,,Torino Death Ride,492a850e-97eb-306a-a85e-4b6d98527796,,Dollar Tree,492a850e-97eb-306a-a85e-4b6d98527796,,Karaoke Night,492a850e-97eb-306a-a85e-4b6d98527796,,,,,,,,,,,Berlin,Docents,Torino Death Ride; Dollar Tree; Karaoke Night,Torino Death Ride,Dollar Tree,Karaoke Night,,,
Docents at Heaven Can Wait,2023-07-26,2023-07-26,1,,,,,Seeded from Docents performance list supplied by editor; please verify place/artist matches before submitting.,Heaven Can Wait,e2c6f697-07dc-38b1-be0b-83d740165532,,Docents,936c7c95-3156-3889-a062-8a0cd57f8946,,Sunchoked,492a850e-97eb-306a-a85e-4b6d98527796,,Henry Rozich,492a850e-97eb-306a-a85e-4b6d98527796,,Chic Fads,492a850e-97eb-306a-a85e-4b6d98527796,,,,,,,,,,,Heaven Can Wait,Docents,Sunchoked; Henry Rozich; Chic Fads,Sunchoked,Henry Rozich,Chic Fads,,,
Docents at Khyber Pass,2023-08-08,2023-08-08,1,,,,,Seeded from Docents performance list supplied by editor; please verify place/artist matches before submitting.,Khyber Pass,e2c6f697-07dc-38b1-be0b-83d740165532,,Docents,936c7c95-3156-3889-a062-8a0cd57f8946,,Bunny Tonight,492a850e-97eb-306a-a85e-4b6d98527796,,Victoryland,492a850e-97eb-306a-a85e-4b6d98527796,,Pizza and Cookies,492a850e-97eb-306a-a85e-4b6d98527796,,,,,,,,,,,Khyber Pass,Docents,Bunny Tonight; Victoryland; Pizza and Cookies,Bunny Tonight,Victoryland,Pizza and Cookies,,,
Docents LP1 Release Show,2023-08-30,2023-08-30,3,,,,,Seeded from Docents performance list supplied by editor; please verify place/artist matches before submitting.,Trans Pecos,e2c6f697-07dc-38b1-be0b-83d740165532,,Docents,936c7c95-3156-3889-a062-8a0cd57f8946,,Robber Robber,492a850e-97eb-306a-a85e-4b6d98527796,,Lola Star,492a850e-97eb-306a-a85e-4b6d98527796,,,,,,,,,,,,,,Trans Pecos,Docents,Robber Robber; Lola Star,Robber Robber,Lola Star,,,,
Super Dark Monday,2023-09-04,2023-09-04,1,,,,,Seeded from Docents performance list supplied by editor; please verify place/artist matches before submitting.,Desperate Annies,e2c6f697-07dc-38b1-be0b-83d740165532,,Docents,936c7c95-3156-3889-a062-8a0cd57f8946,,Fine Grain,492a850e-97eb-306a-a85e-4b6d98527796,,Anthill Annihilator,492a850e-97eb-306a-a85e-4b6d98527796,,,,,,,,,,,,,,Desperate Annies,Docents,Fine Grain; Anthill Annihilator,Fine Grain,Anthill Annihilator,,,,
Docents at First Live,2023-09-21,2023-09-21,1,,,,,Seeded from Docents performance list supplied by editor; please verify place/artist matches before submitting.,First Live,e2c6f697-07dc-38b1-be0b-83d740165532,,Docents,936c7c95-3156-3889-a062-8a0cd57f8946,,Deep Fake,492a850e-97eb-306a-a85e-4b6d98527796,,Miss Teen America,492a850e-97eb-306a-a85e-4b6d98527796,,Opera,492a850e-97eb-306a-a85e-4b6d98527796,,,,,,,,,,,First Live,Docents,Deep Fake; Miss Teen America; Opera,Deep Fake,Miss Teen America,Opera,,,
Docents at The Broadway,2023-10-21,2023-10-21,1,,,,,Seeded from Docents performance list supplied by editor; please verify place/artist matches before submitting.,The Broadway,e2c6f697-07dc-38b1-be0b-83d740165532,,Docents,936c7c95-3156-3889-a062-8a0cd57f8946,,Programmique,492a850e-97eb-306a-a85e-4b6d98527796,,Forty Feet Tall,492a850e-97eb-306a-a85e-4b6d98527796,,,,,,,,,,,,,,The Broadway,Docents,Programmique; Forty Feet Tall,Programmique,Forty Feet Tall,,,,
Docents at Gold Sounds,2024-01-12,2024-01-12,1,,,,,Seeded from Docents performance list supplied by editor; please verify place/artist matches before submitting.,Gold Sounds,e2c6f697-07dc-38b1-be0b-83d740165532,,Docents,936c7c95-3156-3889-a062-8a0cd57f8946,,Mariah Houston Villagerrr,492a850e-97eb-306a-a85e-4b6d98527796,,Bugcatcher,492a850e-97eb-306a-a85e-4b6d98527796,,,,,,,,,,,,,,Gold Sounds,Docents,Mariah Houston Villagerrr; Bugcatcher,Mariah Houston Villagerrr,Bugcatcher,,,,
"Docents at Trans Pecos 2/Cohort B, CS Cleaners, Sunchoked",2024-02-09,2024-02-09,1,,,,,Seeded from Docents performance list supplied by editor; please verify place/artist matches before submitting.,"Trans Pecos 2/Cohort B, CS Cleaners, Sunchoked",e2c6f697-07dc-38b1-be0b-83d740165532,,Docents,936c7c95-3156-3889-a062-8a0cd57f8946,,,,,,,,,,,,,,,,,,,,"Trans Pecos 2/Cohort B, CS Cleaners, Sunchoked",Docents,,,,,,,
Docents at Skidmore College/Lively Lucy’s,2024-03-28,2024-03-28,1,,,,,Seeded from Docents performance list supplied by editor; please verify place/artist matches before submitting.,Skidmore College/Lively Lucy’s,e2c6f697-07dc-38b1-be0b-83d740165532,,Docents,936c7c95-3156-3889-a062-8a0cd57f8946,,,,,,,,,,,,,,,,,,,,Skidmore College/Lively Lucy’s,Docents,,,,,,,
Docents at Alphaville,2024-04-04,2024-04-04,1,,,,,Seeded from Docents performance list supplied by editor; please verify place/artist matches before submitting.,Alphaville,e2c6f697-07dc-38b1-be0b-83d740165532,,Docents,936c7c95-3156-3889-a062-8a0cd57f8946,,Libby Quinn,492a850e-97eb-306a-a85e-4b6d98527796,,Plant Fight,492a850e-97eb-306a-a85e-4b6d98527796,,,,,,,,,,,,,,Alphaville,Docents,Libby Quinn; Plant Fight,Libby Quinn,Plant Fight,,,,
Docents at Baker Falls/Knitting Factory Presents,2024-05-04,2024-05-04,1,,,,,Seeded from Docents performance list supplied by editor; please verify place/artist matches before submitting.,Baker Falls/Knitting Factory Presents,e2c6f697-07dc-38b1-be0b-83d740165532,,Docents,936c7c95-3156-3889-a062-8a0cd57f8946,,Maxband,492a850e-97eb-306a-a85e-4b6d98527796,,Landowner,492a850e-97eb-306a-a85e-4b6d98527796,,,,,,,,,,,,,,Baker Falls/Knitting Factory Presents,Docents,Maxband; Landowner,Maxband,Landowner,,,,
Docents at The Broadway,2024-05-14,2024-05-14,1,,,,,Seeded from Docents performance list supplied by editor; please verify place/artist matches before submitting.,The Broadway,e2c6f697-07dc-38b1-be0b-83d740165532,,Docents,936c7c95-3156-3889-a062-8a0cd57f8946,,Suburban Speed,492a850e-97eb-306a-a85e-4b6d98527796,,Buice,492a850e-97eb-306a-a85e-4b6d98527796,,Maxuma,492a850e-97eb-306a-a85e-4b6d98527796,,,,,,,,,,,The Broadway,Docents,Suburban Speed; Buice; Maxuma,Suburban Speed,Buice,Maxuma,,,
Docents at Alphaville,2024-05-23,2024-05-23,1,,,,,Seeded from Docents performance list supplied by editor; please verify place/artist matches before submitting.,Alphaville,e2c6f697-07dc-38b1-be0b-83d740165532,,Docents,936c7c95-3156-3889-a062-8a0cd57f8946,,Nick Cage,492a850e-97eb-306a-a85e-4b6d98527796,,CS Cleaners,492a850e-97eb-306a-a85e-4b6d98527796,,Qirl,492a850e-97eb-306a-a85e-4b6d98527796,,,,,,,,,,,Alphaville,Docents,Nick Cage; CS Cleaners; Qirl,Nick Cage,CS Cleaners,Qirl,,,
Docents at Pianos,2024-05-24,2024-05-24,1,,,,,Seeded from Docents performance list supplied by editor; please verify place/artist matches before submitting.,Pianos,e2c6f697-07dc-38b1-be0b-83d740165532,,Docents,936c7c95-3156-3889-a062-8a0cd57f8946,,Air and The Hallucinations,492a850e-97eb-306a-a85e-4b6d98527796,,King in Yellow,492a850e-97eb-306a-a85e-4b6d98527796,,PTCHWRK,492a850e-97eb-306a-a85e-4b6d98527796,,,,,,,,,,,Pianos,Docents,Air and The Hallucinations; King in Yellow; PTCHWRK,Air and The Hallucinations,King in Yellow,PTCHWRK,,,
Docents at Purgatory,2024-07-14,2024-07-14,1,,,,,Seeded from Docents performance list supplied by editor; please verify place/artist matches before submitting.,Purgatory,e2c6f697-07dc-38b1-be0b-83d740165532,,Docents,936c7c95-3156-3889-a062-8a0cd57f8946,,Violet and The Stanzas,492a850e-97eb-306a-a85e-4b6d98527796,,Goodcry,492a850e-97eb-306a-a85e-4b6d98527796,,Sunchoked,492a850e-97eb-306a-a85e-4b6d98527796,,Julia Casablancas,492a850e-97eb-306a-a85e-4b6d98527796,,,,,,,,Purgatory,Docents,Violet and The Stanzas; Goodcry; Sunchoked; Julia Casablancas,Violet and The Stanzas,Goodcry,Sunchoked,Julia Casablancas,,
Docents at The Lilypad,2024-08-22,2024-08-22,1,,Docents Summer Tour ’24,,,Seeded from Docents performance list supplied by editor; please verify place/artist matches before submitting.,The Lilypad,e2c6f697-07dc-38b1-be0b-83d740165532,,Docents,936c7c95-3156-3889-a062-8a0cd57f8946,,Pew Pew,492a850e-97eb-306a-a85e-4b6d98527796,,Sacred Heart Auto League,492a850e-97eb-306a-a85e-4b6d98527796,,,,,,,,,,,,,,The Lilypad,Docents,Pew Pew; Sacred Heart Auto League,Pew Pew,Sacred Heart Auto League,,,,
Docents at Junktiques,2024-08-23,2024-08-23,1,,Docents Summer Tour ’24,,,Seeded from Docents performance list supplied by editor; please verify place/artist matches before submitting.,Junktiques,e2c6f697-07dc-38b1-be0b-83d740165532,,Docents,936c7c95-3156-3889-a062-8a0cd57f8946,,Dogwater,492a850e-97eb-306a-a85e-4b6d98527796,,Sammy+Vera,492a850e-97eb-306a-a85e-4b6d98527796,,Fuzzybones,492a850e-97eb-306a-a85e-4b6d98527796,,,,,,,,,,,Junktiques,Docents,Dogwater; Sammy+Vera; Fuzzybones,Dogwater,Sammy+Vera,Fuzzybones,,,
Docents at La Sala Rossa,2024-08-25,2024-08-25,1,,Docents Summer Tour ’24,,,Seeded from Docents performance list supplied by editor; please verify place/artist matches before submitting.,La Sala Rossa,e2c6f697-07dc-38b1-be0b-83d740165532,,Docents,936c7c95-3156-3889-a062-8a0cd57f8946,,Clay Pigeon,492a850e-97eb-306a-a85e-4b6d98527796,,Faux Watson,492a850e-97eb-306a-a85e-4b6d98527796,,Ryan Robinson,492a850e-97eb-306a-a85e-4b6d98527796,,,,,,,,,,,La Sala Rossa,Docents,Clay Pigeon; Faux Watson; Ryan Robinson,Clay Pigeon,Faux Watson,Ryan Robinson,,,
Docents at The Baby G,2024-08-26,2024-08-26,1,,Docents Summer Tour ’24,,,Seeded from Docents performance list supplied by editor; please verify place/artist matches before submitting.,The Baby G,e2c6f697-07dc-38b1-be0b-83d740165532,,Docents,936c7c95-3156-3889-a062-8a0cd57f8946,,Glum,492a850e-97eb-306a-a85e-4b6d98527796,,Plush,492a850e-97eb-306a-a85e-4b6d98527796,,Lawngirl,492a850e-97eb-306a-a85e-4b6d98527796,,,,,,,,,,,The Baby G,Docents,Glum; Plush; Lawngirl,Glum,Plush,Lawngirl,,,
Docents at Bar Bad Ending,2024-08-27,2024-08-27,1,,Docents Summer Tour ’24,,,Seeded from Docents performance list supplied by editor; please verify place/artist matches before submitting.,Bar Bad Ending,e2c6f697-07dc-38b1-be0b-83d740165532,,Docents,936c7c95-3156-3889-a062-8a0cd57f8946,,God’s Computer,492a850e-97eb-306a-a85e-4b6d98527796,,Eclectic Blend,492a850e-97eb-306a-a85e-4b6d98527796,,,,,,,,,,,,,,Bar Bad Ending,Docents,God’s Computer; Eclectic Blend,God’s Computer,Eclectic Blend,,,,
Docents at Foto Club,2024-08-29,2024-08-29,1,,Docents Summer Tour ’24,,,Seeded from Docents performance list supplied by editor; please verify place/artist matches before submitting.,Foto Club,e2c6f697-07dc-38b1-be0b-83d740165532,,Docents,936c7c95-3156-3889-a062-8a0cd57f8946,,Blood,492a850e-97eb-306a-a85e-4b6d98527796,,Ratsmagick,492a850e-97eb-306a-a85e-4b6d98527796,,,,,,,,,,,,,,Foto Club,Docents,Blood; Ratsmagick,Blood,Ratsmagick,,,,
Docents at The Broadway,2024-08-30,2024-08-30,1,,Docents Summer Tour ’24,,,Seeded from Docents performance list supplied by editor; please verify place/artist matches before submitting.,The Broadway,e2c6f697-07dc-38b1-be0b-83d740165532,,Docents,936c7c95-3156-3889-a062-8a0cd57f8946,,Don Pardo,492a850e-97eb-306a-a85e-4b6d98527796,,CS Cleaners,492a850e-97eb-306a-a85e-4b6d98527796,,Cronies,492a850e-97eb-306a-a85e-4b6d98527796,,,,,,,,,,,The Broadway,Docents,Don Pardo; CS Cleaners; Cronies,Don Pardo,CS Cleaners,Cronies,,,
Docents at Julian’s House,2024-09-11,2024-09-11,1,,,,,Seeded from Docents performance list supplied by editor; please verify place/artist matches before submitting.,Julian’s House,e2c6f697-07dc-38b1-be0b-83d740165532,,Docents,936c7c95-3156-3889-a062-8a0cd57f8946,,Bunny Tonight,492a850e-97eb-306a-a85e-4b6d98527796,,Discotelle,492a850e-97eb-306a-a85e-4b6d98527796,,,,,,,,,,,,,,Julian’s House,Docents,Bunny Tonight; Discotelle,Bunny Tonight,Discotelle,,,,
Docents at The Broadway,2024-09-13,2024-09-13,1,,,,,Seeded from Docents performance list supplied by editor; please verify place/artist matches before submitting.,The Broadway,e2c6f697-07dc-38b1-be0b-83d740165532,,Docents,936c7c95-3156-3889-a062-8a0cd57f8946,,Suburband Speed,492a850e-97eb-306a-a85e-4b6d98527796,,Femcel,492a850e-97eb-306a-a85e-4b6d98527796,,,,,,,,,,,,,,The Broadway,Docents,Suburband Speed; Femcel,Suburband Speed,Femcel,,,,
Docents at Trans Pecos,2024-09-28,2024-09-28,1,,,,,Seeded from Docents performance list supplied by editor; please verify place/artist matches before submitting.,Trans Pecos,e2c6f697-07dc-38b1-be0b-83d740165532,,Docents,936c7c95-3156-3889-a062-8a0cd57f8946,,Kal Marks,492a850e-97eb-306a-a85e-4b6d98527796,,Shutups,492a850e-97eb-306a-a85e-4b6d98527796,,Bloodsports,492a850e-97eb-306a-a85e-4b6d98527796,,,,,,,,,,,Trans Pecos,Docents,Kal Marks; Shutups; Bloodsports,Kal Marks,Shutups,Bloodsports,,,
Docents at Alphaville,2024-11-15,2024-11-15,1,,,,,Seeded from Docents performance list supplied by editor; please verify place/artist matches before submitting.,Alphaville,e2c6f697-07dc-38b1-be0b-83d740165532,,Docents,936c7c95-3156-3889-a062-8a0cd57f8946,,Rong,492a850e-97eb-306a-a85e-4b6d98527796,,Pew Pew,492a850e-97eb-306a-a85e-4b6d98527796,,Cronies,492a850e-97eb-306a-a85e-4b6d98527796,,,,,,,,,,,Alphaville,Docents,Rong; Pew Pew; Cronies,Rong,Pew Pew,Cronies,,,
Docents at Pleasuretone,2024-11-16,2024-11-16,1,,,,,Seeded from Docents performance list supplied by editor; please verify place/artist matches before submitting.,Pleasuretone,e2c6f697-07dc-38b1-be0b-83d740165532,,Docents,936c7c95-3156-3889-a062-8a0cd57f8946,,Pew Pew,492a850e-97eb-306a-a85e-4b6d98527796,,Vesuvian,492a850e-97eb-306a-a85e-4b6d98527796,,,,,,,,,,,,,,Pleasuretone,Docents,Pew Pew; Vesuvian,Pew Pew,Vesuvian,,,,
Docents at O’briens,2024-11-17,2024-11-17,1,,,,,Seeded from Docents performance list supplied by editor; please verify place/artist matches before submitting.,O’briens,e2c6f697-07dc-38b1-be0b-83d740165532,,Docents,936c7c95-3156-3889-a062-8a0cd57f8946,,Pew Pew,492a850e-97eb-306a-a85e-4b6d98527796,,Weird Machine,492a850e-97eb-306a-a85e-4b6d98527796,,Misuser,492a850e-97eb-306a-a85e-4b6d98527796,,,,,,,,,,,O’briens,Docents,Pew Pew; Weird Machine; Misuser,Pew Pew,Weird Machine,Misuser,,,
Docents at Third Rail,2024-12-13,2024-12-13,1,,,,,Seeded from Docents performance list supplied by editor; please verify place/artist matches before submitting.,Third Rail,e2c6f697-07dc-38b1-be0b-83d740165532,,Docents,936c7c95-3156-3889-a062-8a0cd57f8946,,Saturnalias,492a850e-97eb-306a-a85e-4b6d98527796,,Retail Drugs,492a850e-97eb-306a-a85e-4b6d98527796,,,,,,,,,,,,,,Third Rail,Docents,Saturnalias; Retail Drugs,Saturnalias,Retail Drugs,,,,
Docents at Alphaville,2025-01-16,2025-01-16,1,,,,,Seeded from Docents performance list supplied by editor; please verify place/artist matches before submitting.,Alphaville,e2c6f697-07dc-38b1-be0b-83d740165532,,Docents,936c7c95-3156-3889-a062-8a0cd57f8946,,Medium,492a850e-97eb-306a-a85e-4b6d98527796,,Plant Fight,492a850e-97eb-306a-a85e-4b6d98527796,,CS Cleaners,492a850e-97eb-306a-a85e-4b6d98527796,,,,,,,,,,,Alphaville,Docents,Medium; Plant Fight; CS Cleaners,Medium,Plant Fight,CS Cleaners,,,
Docents at Trans Pecos,2025-03-26,2025-03-26,1,,,,,Seeded from Docents performance list supplied by editor; please verify place/artist matches before submitting.,Trans Pecos,e2c6f697-07dc-38b1-be0b-83d740165532,,Docents,936c7c95-3156-3889-a062-8a0cd57f8946,,Wesley Wolfe,492a850e-97eb-306a-a85e-4b6d98527796,,Chaepter,492a850e-97eb-306a-a85e-4b6d98527796,,Or Best Offer,492a850e-97eb-306a-a85e-4b6d98527796,,,,,,,,,,,Trans Pecos,Docents,Wesley Wolfe; Chaepter; Or Best Offer,Wesley Wolfe,Chaepter,Or Best Offer,,,
Docents at Union Pool,2025-04-03,2025-04-03,1,,,,,Seeded from Docents performance list supplied by editor; please verify place/artist matches before submitting.,Union Pool,e2c6f697-07dc-38b1-be0b-83d740165532,,Docents,936c7c95-3156-3889-a062-8a0cd57f8946,,Dog Date,492a850e-97eb-306a-a85e-4b6d98527796,,CS Cleaners,492a850e-97eb-306a-a85e-4b6d98527796,,The Tourniquet,492a850e-97eb-306a-a85e-4b6d98527796,,,,,,,,,,,Union Pool,Docents,Dog Date; CS Cleaners; The Tourniquet,Dog Date,CS Cleaners,The Tourniquet,,,
Docents at Purgatory,2025-04-11,2025-04-11,1,,,,,Seeded from Docents performance list supplied by editor; please verify place/artist matches before submitting.,Purgatory,e2c6f697-07dc-38b1-be0b-83d740165532,,Docents,936c7c95-3156-3889-a062-8a0cd57f8946,,Shiverboard,492a850e-97eb-306a-a85e-4b6d98527796,,Misuser,492a850e-97eb-306a-a85e-4b6d98527796,,Libby Quinn,492a850e-97eb-306a-a85e-4b6d98527796,,,,,,,,,,,Purgatory,Docents,Shiverboard; Misuser; Libby Quinn,Shiverboard,Misuser,Libby Quinn,,,
Docents at Berlin,2025-08-01,2025-08-01,1,,,,,Seeded from Docents performance list supplied by editor; please verify place/artist matches before submitting.,Berlin,e2c6f697-07dc-38b1-be0b-83d740165532,,Docents,936c7c95-3156-3889-a062-8a0cd57f8946,,Kareem Rahma+Tiny Gun,492a850e-97eb-306a-a85e-4b6d98527796,,Emily Allen,492a850e-97eb-306a-a85e-4b6d98527796,,,,,,,,,,,,,,Berlin,Docents,Kareem Rahma+Tiny Gun; Emily Allen,Kareem Rahma+Tiny Gun,Emily Allen,,,,
Docents at The Broadway,2025-09-07,2025-09-07,1,,,,,Seeded from Docents performance list supplied by editor; please verify place/artist matches before submitting.,The Broadway,e2c6f697-07dc-38b1-be0b-83d740165532,,Docents,936c7c95-3156-3889-a062-8a0cd57f8946,,Trash Tv,492a850e-97eb-306a-a85e-4b6d98527796,,Lahnah,492a850e-97eb-306a-a85e-4b6d98527796,,,,,,,,,,,,,,The Broadway,Docents,Trash Tv; Lahnah,Trash Tv,Lahnah,,,,
Docents at Purgatory,2025-09-30,2025-09-30,1,,,,,Seeded from Docents performance list supplied by editor; please verify place/artist matches before submitting.,Purgatory,e2c6f697-07dc-38b1-be0b-83d740165532,,Docents,936c7c95-3156-3889-a062-8a0cd57f8946,,Virginia Creeper,492a850e-97eb-306a-a85e-4b6d98527796,,Or Best Offer,492a850e-97eb-306a-a85e-4b6d98527796,,Forrest Philpot Band,492a850e-97eb-306a-a85e-4b6d98527796,,,,,,,,,,,Purgatory,Docents,Virginia Creeper; Or Best Offer; Forrest Philpot Band,Virginia Creeper,Or Best Offer,Forrest Philpot Band,,,
Docents at Erf World,2025-10-23,2025-10-23,1,,Docents Fall Tour ’25,,,Seeded from Docents performance list supplied by editor; please verify place/artist matches before submitting.,Erf World,e2c6f697-07dc-38b1-be0b-83d740165532,,Docents,936c7c95-3156-3889-a062-8a0cd57f8946,,Pew Pew,492a850e-97eb-306a-a85e-4b6d98527796,,Wesley Wolfe,492a850e-97eb-306a-a85e-4b6d98527796,,Amiture Music,492a850e-97eb-306a-a85e-4b6d98527796,,,,,,,,,,,Erf World,Docents,Pew Pew; Wesley Wolfe; Amiture Music,Pew Pew,Wesley Wolfe,Amiture Music,,,
Docents at The Pouch,2025-10-24,2025-10-24,1,,Docents Fall Tour ’25,,,Seeded from Docents performance list supplied by editor; please verify place/artist matches before submitting.,The Pouch,e2c6f697-07dc-38b1-be0b-83d740165532,,Docents,936c7c95-3156-3889-a062-8a0cd57f8946,,Pew Pew,492a850e-97eb-306a-a85e-4b6d98527796,,Microgoblet,492a850e-97eb-306a-a85e-4b6d98527796,,Carpet Floor,492a850e-97eb-306a-a85e-4b6d98527796,,,,,,,,,,,The Pouch,Docents,Pew Pew; Microgoblet; Carpet Floor,Pew Pew,Microgoblet,Carpet Floor,,,
Docents at Scott’s House,2025-10-25,2025-10-25,1,,Docents Fall Tour ’25,,,Seeded from Docents performance list supplied by editor; please verify place/artist matches before submitting.,Scott’s House,e2c6f697-07dc-38b1-be0b-83d740165532,,Docents,936c7c95-3156-3889-a062-8a0cd57f8946,,Pew Pew,492a850e-97eb-306a-a85e-4b6d98527796,,Tosser,492a850e-97eb-306a-a85e-4b6d98527796,,Humidifier,492a850e-97eb-306a-a85e-4b6d98527796,,,,,,,,,,,Scott’s House,Docents,Pew Pew; Tosser; Humidifier,Pew Pew,Tosser,Humidifier,,,
Docents at Oak City Cycling,2025-10-27,2025-10-27,1,,Docents Fall Tour ’25,,,Seeded from Docents performance list supplied by editor; please verify place/artist matches before submitting.,Oak City Cycling,e2c6f697-07dc-38b1-be0b-83d740165532,,Docents,936c7c95-3156-3889-a062-8a0cd57f8946,,Mr Piss,492a850e-97eb-306a-a85e-4b6d98527796,,Acid Swimmer,492a850e-97eb-306a-a85e-4b6d98527796,,,,,,,,,,,,,,Oak City Cycling,Docents,Mr Piss; Acid Swimmer,Mr Piss,Acid Swimmer,,,,
Docents at Snug Harbor,2025-10-28,2025-10-28,1,,Docents Fall Tour ’25,,,Seeded from Docents performance list supplied by editor; please verify place/artist matches before submitting.,Snug Harbor,e2c6f697-07dc-38b1-be0b-83d740165532,,Docents,936c7c95-3156-3889-a062-8a0cd57f8946,,Patois Counselors,492a850e-97eb-306a-a85e-4b6d98527796,,Ruminations,492a850e-97eb-306a-a85e-4b6d98527796,,,,,,,,,,,,,,Snug Harbor,Docents,Patois Counselors; Ruminations,Patois Counselors,Ruminations,,,,
Docents at 125 Glenhaven,2025-10-30,2025-10-30,1,,Docents Fall Tour ’25,,,Seeded from Docents performance list supplied by editor; please verify place/artist matches before submitting.,125 Glenhaven,e2c6f697-07dc-38b1-be0b-83d740165532,,Docents,936c7c95-3156-3889-a062-8a0cd57f8946,,Penny Loafer,492a850e-97eb-306a-a85e-4b6d98527796,,ETC,492a850e-97eb-306a-a85e-4b6d98527796,,,,,,,,,,,,,,125 Glenhaven,Docents,Penny Loafer; ETC,Penny Loafer,ETC,,,,
Docents at Rocky Mountain Pizza Co.,2025-10-31,2025-10-31,1,,Docents Fall Tour ’25,,,Seeded from Docents performance list supplied by editor; please verify place/artist matches before submitting.,Rocky Mountain Pizza Co.,e2c6f697-07dc-38b1-be0b-83d740165532,,Docents,936c7c95-3156-3889-a062-8a0cd57f8946,,Tunnels,492a850e-97eb-306a-a85e-4b6d98527796,,Assembly,492a850e-97eb-306a-a85e-4b6d98527796,,Coma Therapy,492a850e-97eb-306a-a85e-4b6d98527796,,Tongues of Fire,492a850e-97eb-306a-a85e-4b6d98527796,,Beagle,492a850e-97eb-306a-a85e-4b6d98527796,,,,,Rocky Mountain Pizza Co.,Docents,Tunnels; Assembly; Coma Therapy; Tongues of Fire; Beagle,Tunnels,Assembly,Coma Therapy,Tongues of Fire,Beagle,
Docents at DRKMTTR Collective,2025-11-01,2025-11-01,1,,Docents Fall Tour ’25,,,Seeded from Docents performance list supplied by editor; please verify place/artist matches before submitting.,DRKMTTR Collective,e2c6f697-07dc-38b1-be0b-83d740165532,,Docents,936c7c95-3156-3889-a062-8a0cd57f8946,,Soot,492a850e-97eb-306a-a85e-4b6d98527796,,Bats,492a850e-97eb-306a-a85e-4b6d98527796,,Impediment,492a850e-97eb-306a-a85e-4b6d98527796,,,,,,,,,,,DRKMTTR Collective,Docents,Soot; Bats; Impediment,Soot,Bats,Impediment,,,
Docents at Trans Pecos,2026-03-08,2026-03-08,1,,,,,Seeded from Docents performance list supplied by editor; please verify place/artist matches before submitting.,Trans Pecos,e2c6f697-07dc-38b1-be0b-83d740165532,,Docents,936c7c95-3156-3889-a062-8a0cd57f8946,,Or Best Offer,492a850e-97eb-306a-a85e-4b6d98527796,,Grinning,492a850e-97eb-306a-a85e-4b6d98527796,,Marblemouth,492a850e-97eb-306a-a85e-4b6d98527796,,,,,,,,,,,Trans Pecos,Docents,Or Best Offer; Grinning; Marblemouth,Or Best Offer,Grinning,Marblemouth,,,
Docents at Purgatory,2026-05-01,2026-05-01,1,,,,,Seeded from Docents performance list supplied by editor; please verify place/artist matches before submitting.,Purgatory,e2c6f697-07dc-38b1-be0b-83d740165532,,Docents,936c7c95-3156-3889-a062-8a0cd57f8946,,Penny Loafer,492a850e-97eb-306a-a85e-4b6d98527796,,Ringing,492a850e-97eb-306a-a85e-4b6d98527796,,Nat Shaheen,492a850e-97eb-306a-a85e-4b6d98527796,,,,,,,,,,,Purgatory,Docents,Penny Loafer; Ringing; Nat Shaheen,Penny Loafer,Ringing,Nat Shaheen,,,
Docents at Purgatory,2026-05-28,2026-05-28,1,,,,,Seeded from Docents performance list supplied by editor; please verify place/artist matches before submitting.,Purgatory,e2c6f697-07dc-38b1-be0b-83d740165532,,Docents,936c7c95-3156-3889-a062-8a0cd57f8946,,Coma Therapy,492a850e-97eb-306a-a85e-4b6d98527796,,Nettle,492a850e-97eb-306a-a85e-4b6d98527796,,Arizona Young,492a850e-97eb-306a-a85e-4b6d98527796,,,,,,,,,,,Purgatory,Docents,Coma Therapy; Nettle; Arizona Young,Coma Therapy,Nettle,Arizona Young,,,
Docents at The Broadway,2026-07-26,2026-07-26,1,,,,,Seeded from Docents performance list supplied by editor; please verify place/artist matches before submitting.,The Broadway,e2c6f697-07dc-38b1-be0b-83d740165532,,Docents,936c7c95-3156-3889-a062-8a0cd57f8946,,Warmachine,492a850e-97eb-306a-a85e-4b6d98527796,,Sodaseas,492a850e-97eb-306a-a85e-4b6d98527796,,Wince,492a850e-97eb-306a-a85e-4b6d98527796,,,,,,,,,,,The Broadway,Docents,Warmachine; Sodaseas; Wince,Warmachine,Sodaseas,Wince,,,
